[
  {
    "name": "123\u001b",
    "score": 245400,
    "mode": "Выживание (3 HP)",
    "date": "2025-06-26 15:03:16"
  },
  {
    "name": "123",
    "score": 138380,
    "mode": "Выживание (3 HP)",
    "date": "2025-06-26 15:01:54"
  },
  {
    "name": "я дурачк",
    "score": 126410,
    "mode": "Выживание (3 HP)",
    "date": "2025-06-26 13:32:27"
  },
  {
    "name": "я дурачк",
    "score": 126410,
    "mode": "Выживание (3 HP)",
    "date": "2025-06-26 13:32:36"
  },
  {
    "name": "1231231323",
    "score": 9640,
    "mode": "Хардкор (1 HP)",
    "date": "2025-06-26 13:36:51"
  },
  {
    "name": "12312313",
    "score": 0,
    "mode": "Хардкор (1 HP)",
    "date": "2025-06-26 13:34:26"
  },
  {
    "name": "владос крутос",
    "score": 0,
    "mode": "Хардкор (1 HP)",
    "date": "2025-06-26 13:44:48"
  },
  {
    "name": "владос крутос",
    "score": 0,
    "mode": "Хардкор (1 HP)",
    "date": "2025-06-26 13:44:53"
  },
  {
    "name": "1",
    "score": 0,
    "mode": "Хардкор (1 HP)",
    "date": "2025-06-26 13:49:40"
  }
]